{
  "train_loss": [
    0.6809366008065306,
    0.5148352005550918,
    0.4541226108030153,
    0.38291667987614636,
    0.3270255251342829,
    0.28974505338945616,
    0.2629244517446508,
    0.23949149640222966,
    0.21852054704462318,
    0.20566349203322368,
    0.19228314510042874,
    0.17931258115219567,
    0.16778781143137522,
    0.16207906330559688,
    0.1589996338794917
  ],
  "val_loss": [
    0.524269539028851,
    0.4976457415232018,
    0.43897847675565466,
    0.41266597473799294,
    0.38664253523100667,
    0.3910113070438157,
    0.4293356967061313,
    0.42124184187668473,
    0.42860180895719957,
    0.4961315978374054,
    0.5168372405998742,
    0.5415021514714654,
    0.548240646942338,
    0.5926440164669237,
    0.5883178368433198
  ],
  "val_acc": [
    0.6654179349098571,
    0.6813392648091782,
    0.7553266214001405,
    0.7801451650667292,
    0.7941933973308358,
    0.8124560992741746,
    0.7967689065792555,
    0.8183095293842192,
    0.8180753921798174,
    0.8030906110981035,
    0.8059002575509249,
    0.804729571528916,
    0.7988761414188714,
    0.8005151018496839,
    0.8023881994848981
  ]
}